source,author,title,description,url,urlToImage,publishedAt,content,fecha_descarga
"{'id': None, 'name': 'Montevideo.com.uy'}",Montevideo Portal,Uruguay recibe dos nominaciones en los Martín Fierro Latino Miami 2025,Nuestro país competirá en las categorías de Actualidad y Conducción radial. La gala será el 23 de noviembre.,https://www.montevideo.com.uy/Pantallazo/Uruguay-recibe-dos-nominaciones-en-los-Martin-Fierro-Latino-Miami-2025-uc942248,https://imagenes.montevideo.com.uy/imgnoticias/202511/_W768_H512_80/937120.jpg,2025-11-05T22:51:00Z,"Uruguay vuelve a decir presente en los Premios Martín Fierro Latino Miami 2025, con dos producciones destacadas que competirán en una nueva edición de los galardones que reconocen lo mejor de la tele… [+1551 chars]",2025-11-06 18:05:03
"{'id': None, 'name': 'Latercera.com'}",Patricia San Juan,Paz Corp anota fuerte alza en sus ganancias ante mayores escrituraciones en Chile y Perú,"La constructora e inmobiliaria Paz Corp registró ganancias por $6.132 millones (US$6,37 millones) el tercer trimestre, superiores en 232,4% a las de igual periodo del 2024.",https://www.latercera.com/pulso/noticia/paz-corp-anota-fuerte-alza-en-sus-ganancias-ante-mayores-escrituraciones-en-chile-y-peru/,https://www.latercera.com/resizer/v2/LVQYO3MKTJCV5N5CP5547CKUA4.jpg?auth=e86746afb4dffbc5009203813d01b253dda9235418633b32cc0eb2a081c900cf&height=630&width=1200&smart=true,2025-11-05T22:15:53Z,"La constructora e inmobiliariaPaz Corpregistró ganancias atribuibles a los propietarios de la controladora de $6.132 millones (US$6,37 millones) el tercer trimestre, superiores en 232,4% a las de igu… [+1567 chars]",2025-11-06 18:05:03
"{'id': None, 'name': 'Www.df.cl'}",Laura Guzmán,"Paz Corp consolida su recuperación con alza superior al 100% en utilidades e ingresos, impulsada por operaciones en Chile y Perú","Las ganancias de la firma escalaron un 147,1%, con $ 11.146 millones a septiembre de este año.",https://www.df.cl/empresas/construccion/paz-corp-consolida-su-recuperacion-con-un-alza-superior-al-100-en,https://www.df.cl/noticias/site/artic/20251105/imag/foto_0000000120251105181200/Foto_Paz_Corp.jpg,2025-11-05T22:00:00Z,"Luego de un largo periodo de trimestres con importantes bajas, Paz Corp consolidó su repunte al cierre de septiembre de este año.
En los primeros nueve meses de 2025 las utilidades de la firma escal… [+1647 chars]",2025-11-06 18:05:03
"{'id': None, 'name': 'Latercera.com'}",Paulina Ortega,Cenco Malls mejora ganancias por nuevos arrendatarios en centros comerciales y oficinas,"Los ingresos subieron un 7,5% en el trimestre, ante un aumento de la superficie arrendable, con nuevos locatarios en Cenco Costanera, Cenco Portal La Dehesa y Cenco Florida.",https://www.latercera.com/pulso/noticia/cenco-malls-mejora-ganancias-por-nuevos-arrendatarios-en-centros-comerciales-y-oficinas/,https://www.latercera.com/resizer/v2/VG6DQT2FVVHHJKX3DPIEDNLOHU.jpg?auth=9fec4627270f0e7d364c596ae5272c67a46c805af55844e9467275730ea52fdf&height=630&width=1200&smart=true,2025-11-05T21:36:30Z,"La filial de centros comerciales de Cencosud, Cenco Malls, reportó mejores utilidades en el tercer trimestre de este año. La compañía logró aumentar en un 56% sus ganancias atribuibles a los propieta… [+2369 chars]",2025-11-06 18:05:03
"{'id': None, 'name': 'Milenio'}",Agencia EFE,Incautan 1.7 toneladas de cocaína en narcosubmarino en el océano Atlántico,"La Policía Judicial (PJ) y la Armada de Portugal, con la colaboración del Reino Unido y Estados Unidos, interceptaron en los últimos días en el océano Atlántico un narcosubmarino que transportaba más de 1.7 toneladas de cocaína con destino a la península ibér…",https://www.milenio.com/internacional/incautan-1-7-toneladas-cocaina-narcosubmarino-oceano-atlantico,https://cdn.milenio.com/uploads/media/2025/11/05/el-narcosubmarino-que-transportaba-mas.jpg,2025-11-05T21:07:09Z,"La Policía Judicial (PJ) y la Armada de Portugal, con la colaboración del Reino Unido y Estados Unidos, interceptaron en los últimos días en el océano Atlántico un narcosubmarino que transportaba más… [+2605 chars]",2025-11-06 18:05:03
"{'id': 'la-nacion', 'name': 'La Nacion'}",LA NACION,Martín Fierro Latino 2025: todos los nominados,El 23 de noviembre se llevará a cabo en Miami la tercera edición latinoamericana del tradicional galardón creado por la Asociación de Periodistas de la Televisión y la Radiofonía Argentinas,https://www.lanacion.com.ar/espectaculos/personajes/martin-fierro-latino-2025-todos-los-nominados-nid05112025/,https://resizer.glanacion.com/resizer/v2/se-anunciaron-los-nominados-a-los-premios-martin-JQUJYJ3P5ZE5NOGZ6PBETSF7M4.jpg?auth=c94c795f49e867d16e9d82c4224b63f556ff74f349dbd4afe8f1f5c1654a01e2&width=1200&quality=70&smart=false&height=800,2025-11-05T21:06:06Z,"Este miércoles se dio a conocer la lista de nominados a los premios Martín Fierro Latino, que se celebrarán el próximo 23 de noviembre, a las 21, en Miami, con la conducción de Ronen Suarc. Esta edic… [+5231 chars]",2025-11-06 18:05:03
"{'id': None, 'name': 'Excelsior.com.mx'}",ricardo.lara,Tormenta perfecta provocó cambios al Poder Judicial: Norma Piña,"David Vicenteño
La transformación del Poder Judicial de la Federación (PJF), que se consiguió con ataques a sus integrantes y una sobrerrepresentación en el Congreso, fue “la tormenta perfecta”, afirmó la ministra en retiro Norma Lucía Piña Hernández, expres…",https://www.excelsior.com.mx/nacional/tormenta-perfecta-provoco-cambios-al-poder-judicial-norma-pina/1749869,https://www.excelsior.com.mx/media/pictures/2025/11/05/3411982.jpg,2025-11-05T20:50:40Z,"La transformación del Poder Judicial de la Federación (PJF), que se consiguió con ataques a sus integrantes y una sobrerrepresentación en el Congreso, fue la tormenta perfecta, afirmó la ministra en … [+2496 chars]",2025-11-06 18:05:03
"{'id': None, 'name': 'Www.df.cl'}",Diario Financiero,Ganancia de Cencosud Shopping crece 56% en tercer trimestre: anuncia aperturas progresivas en nuevo polo gastronómico del Cenco Costanera,La firma ligada a la familia Paulmann atribuyó los resultados a un mejor resultado operacional y al revalúo de propiedades de inversión durante el periodo.,https://www.df.cl/empresas/retail/ganancia-de-cencosud-shopping-crece-56-en-tercer-trimestre-anuncia,https://www.df.cl/noticias/imag/logos/logo-DF-600x600.jpg,2025-11-05T20:41:00Z,"Cencosud Shopping -la filial inmobiliaria del grupo Cencosud- reportó ganancias por $ 100.284 millones en el tercer trimestre del año, un alza de 55,9% en doce meses. La firma ligada a la familia Pau… [+1794 chars]",2025-11-06 18:05:03
"{'id': 'la-nacion', 'name': 'La Nacion'}",LA NACION,Morrissey canceló su show en la Argentina aduciendo “agotamiento extremo”,"Según se confirmó este miércoles, el músico no brindará el recital que tenía agendado para el 8 de noviembre en el Movistar Arena",https://www.lanacion.com.ar/espectaculos/musica/morrissey-cancelo-su-show-en-la-argentina-agotamiento-extremo-nid05112025/,https://resizer.glanacion.com/resizer/v2/morrissey-cancelo-su-show-en-la-argentina-F6RZKNCJYZBJDDNIX56CEIXZCE.JPG?auth=9a9d9dbed81b67ee238dd028933ee59e93a2b1fdeb439d381223f5f862172f89&width=1200&quality=70&smart=false&height=857,2025-11-05T20:32:44Z,"El cantante británico Morrissey canceló sus próximos conciertos de septiembre, entre los que se encontraba uno previsto para este sábado en el Movistar Arena de Buenos Aires. La información fue dada … [+2013 chars]",2025-11-06 18:05:03
"{'id': None, 'name': 'Peru21.pe'}",Redacción PERÚ21,Leiva llega a nuestro país en único concierto,"Leiva, el éxito español, llega a nuestro país en único concierto | musica española | joaquin sabina | El cantante español se presentará el 23 de enero en el CCB de Barranco",https://peru21.pe/espectaculos/leiva-llega-nuestro-pais-en-unico-concierto/,http://peru21.pe/sites/default/efsfiles/styles/amp_1200x675_16_9/public/2025-11/leiva-concierto.png?itok=6-kWoVoY,2025-11-05T20:30:24Z,"Leiva, uno de los cantautores más conocidos del rock contemporáneo español, llegará por primera vez a Perú para brindar un único concierto. El evento será el 23 de enero en el CCB de Barranco.
Nacid… [+1522 chars]",2025-11-06 18:05:03
"{'id': None, 'name': 'Nacion.com'}",El Comercio,Dormir con perros y gatos: Lo que debe saber según los especialistas,"Dormir con su mascota puede parecer inofensivo, pero los expertos alertan sobre los riesgos para la salud.",https://www.nacion.com/ciencia/salud/dormir-con-perros-y-gatos-lo-que-debe-saber-segun/MXR6ON2NRBHYFEYFNAOKMELWKM/story/,https://www.nacion.com/resizer/v2/IJTDLDVJP5CVPBLOGHGNKKTYWQ.jpg?smart=true&auth=c66566d7f84ac45511ae45bc709a8a13d2c401b0b2f19ad4fb6d6484fd94e45f&width=1440,2025-11-05T20:27:15Z,"Hoy en día, las mascotas son parte integral de nuestras familias. Ya sea un gato o un perro, estos fieles compañeros se ganaron el corazón de casi todos los hogares, lo que a veces hace difícil negar… [+5214 chars]",2025-11-06 18:05:03
"{'id': None, 'name': 'Milenio'}",Rubén Mosso,"Una ""tormenta perfecta"" llevó al cambio del Poder Judicial, asegura Norma Piña","Norma Piña Hernández, ex presidenta de la Suprema Corte de Justicia de la Nación (SCJN), aseguró que el cambio en el Poder Judicial de la Federación (PJF) derivó de diversas circunstancias que dieron como resultado una “tormenta perfecta”, entre ellas la sobr…",https://www.milenio.com/politica/norma-pina-una-tormenta-perfecta-cambio-al-poder-judicial,https://cdn.milenio.com/uploads/media/2023/01/03/norma-lucia-pina-hernandez-presidenta.jpg,2025-11-05T20:11:00Z,"Norma Piña Hernández, ex presidenta de la Suprema Corte de Justicia de la Nación (SCJN), aseguró que el cambio en el Poder Judicial de la Federación (PJF) derivó de diversas circunstancias que dieron… [+2492 chars]",2025-11-06 18:05:03
"{'id': 'la-nacion', 'name': 'La Nacion'}",Sol Messineo,"La fórmula Arizmendi: procesos, innovación y expansión desde Buenos Aires al Cono Sur","La historia de la empresa argentina que transformó un fichero legal artesanal en una estructura regional; 75 años de tecnología, servicios de liquidación de sueldos y asesoramiento normativo",https://www.lanacion.com.ar/economia/negocios/la-formula-arizmendi-procesos-innovacion-y-expansion-desde-buenos-aires-al-cono-sur-nid05112025/,https://resizer.glanacion.com/resizer/v2/maria-laura-arizmendi-juan-ignacio-javier-y-maia-TVC7H4FMHZBZVBDYG5MACOGBJU.JPG?auth=8052c840fa157e3c314de68547044206c0a98c25a54d068548a42a8eaebca5b8&width=1200&height=800&quality=70&smart=false&focal=1616%2C727,2025-11-05T20:07:27Z,"A mediados del siglo pasado, un abogado inmigrante español comenzó a resumir las leyes laborales argentinas para poder entenderlas mejor. Y aquella práctica personal terminó dando origen a un negocio… [+3614 chars]",2025-11-06 18:05:03
"{'id': None, 'name': 'Isopixel.net'}",Vania Calderón,Juan Gabriel en el top 10 global de series de Netflix,"Hoy en la mañana, te compartimos que Juan Gabriel: Debo, puedo y quiero se ha posicionado en el lugar número 1 de las series más vistas  de Netflix en México a una semana de su estreno. Ahora, el Divo de Juárez ha alcanzado el lugar número 6 del top 10 global…",https://isopixel.net/2025/11/05/hoy-en-la-manana-te-compartimos-que-juan-gabriel-debo-puedo-y-quiero-se-ha-posicionado-en-el-lugar-numero-1-de-las-series-mas-vistas-de-netflix-en-mexico-a-una-semana-de-su-estreno-ahora-el-divo-de-j/,https://isopixel.net/wp-content/uploads/2025/11/juan-gabriel-netflix.jpg,2025-11-05T19:55:21Z,"Hoy en la mañana, te compartimos que Juan Gabriel: Debo, puedo y quiero se ha posicionado en el lugar número 1 de las series más vistas  de Netflix en México a una semana de su estreno.
Ahora, el Di… [+465 chars]",2025-11-06 18:05:03
"{'id': None, 'name': 'Forbes.com.mx'}",Enrique Hernández,La ANPACT respalda el cierre del mercado mexicano a los tractocamiones chatarra importados de EU,"Forbes México.
 La ANPACT respalda el cierre del mercado mexicano a los tractocamiones chatarra importados de EU

En 2024, la importación indiscriminada de vehículos pesados usados se triplicó en dicho año con más de 29 mil unidades, dijo la Asociación Nacion…",https://forbes.com.mx/la-anpact-respalda-el-cierre-del-mercado-mexicano-a-los-tractocamiones-chatarra-importados-de-eu/,https://cdn.forbes.com.mx/2023/08/camiones-robo-carretera-camion-carga.webp,2025-11-05T19:49:12Z,"Rogelio Arzate, presidente ejecutivo de la Asociación Nacional de Productores de Autobuses, Camiones y Tractocamiones (ANPACT), avaló el instrumento ambiental lanzado por gobierno de Claudia Sheinbau… [+3665 chars]",2025-11-06 18:05:03
"{'id': None, 'name': 'Peru21.pe'}",Felipe Quelopana,Nueva franja: Selección Peruana revela su NUEVA CAMISETA para el 2026,Nueva franja: La Selección Peruana revela su NUEVA CAMISETA adidas para la temporada 2026 | Conoce todos los detalles aquí,https://peru21.pe/deportes/nueva-franja-seleccion-peruana-revela-su-nueva-camiseta-para-el-2026/,http://peru21.pe/sites/default/efsfiles/styles/amp_1200x675_16_9/public/2025-11/nueva-camiseta-de-peru-adidas-2025-2026-seleccion-peruana.png?itok=cjMaEG1g,2025-11-05T19:42:30Z,"La Selección Peruana lanzó su nueva camiseta de local para toda la temporada 2026, donde buscará sentar las bases del nuevo proceso junto a los más nuevos talentos y varios experimentados.
Esta nuev… [+1213 chars]",2025-11-06 18:05:03
"{'id': None, 'name': 'Peru21.pe'}",Redacción PERÚ21,"Pascal destaca en BIME, uno de los festivales de música más importante de Europa","En los últimos meses, Pascal ha recorrido escenarios de Perú, Colombia, México, Panamá y España.",https://peru21.pe/espectaculos/pascal-destaca-en-bime-uno-de-los-festivales-de-musica-mas-importante-de-europa/,http://peru21.pe/sites/default/efsfiles/styles/amp_1200x675_16_9/public/2025-11/pascal-bime.png?itok=IZu1Bnbi,2025-11-05T19:35:06Z,"El nombre de Pascal sigue abriéndose paso más allá de nuestras fronteras. El artista peruano deslumbró en BIME, una de las ferias profesionales más importantes de la industria musical en Europa, con … [+1574 chars]",2025-11-06 18:05:03
"{'id': None, 'name': 'Latercera.com'}",Emiliano Carrizo,Una de las mayores empresas en Chile ligada al acero pide su reorganización para evitar la quiebra,"Edyce Metalúrgica apeló a su mal momento por altos costos operacionales y ""crisis estructural del sector de la construcción"".",https://www.latercera.com/pulso/noticia/una-de-las-mayores-empresas-en-chile-ligada-al-mercado-del-acero-pide-su-reorganizacion-para-evitar-la-quiebra/,https://www.latercera.com/resizer/v2/UBGB34NEXBEVPHLRXGNUXWLT2U.jpg?auth=ab2e7a4281a94074542d348f97097422d46afa7f5d7ca0058ef24dab671626a7&height=630&width=1200&smart=true,2025-11-05T19:31:06Z,Edyce Metalúrgica solicitó el inicio de un procedimiento concursal de reorganización judicial apelando al momento que vive la empresa y como mecanismo para evitar la quiebra. La firma cuenta con una … [+2298 chars],2025-11-06 18:05:03
"{'id': None, 'name': 'Forbes.com.mx'}",Forbes Staff,Perú se toma unos días para ver ‘a fondo’ si deja a ex primera ministra asilarse en México,"Forbes México.
 Perú se toma unos días para ver ‘a fondo’ si deja a ex primera ministra asilarse en México

El presidente interino de Perú dijo en unas breves declaraciones que el Ejecutivo sigue evaluando otorgar el salvoconducto y estimó que probablemente s…",https://forbes.com.mx/peru-se-toma-unos-dias-para-ver-a-fondo-si-deja-a-ex-primera-ministra-asilarse-en-mexico/,https://cdn.forbes.com.mx/2024/11/Banderas-mexico-peru.png,2025-11-05T19:23:56Z,"El ministro de Relaciones Exteriores de Perú, Hugo de Zela, expresó que el Gobierno de transición de Perú tomará unos días para analizar “a fondo” la Convención de Caracas que regula el asilo polític… [+3569 chars]",2025-11-06 18:05:03
"{'id': None, 'name': 'Peru21.pe'}",Fabiana Sanchez,Alertan que Perú recién recibiría 4.4 millones de turistas en 20230,Juan Stoessel asegura que se tienen que tomar acciones para que recuperación sea más rápida | Turismo | CADE 2025 | Economía,https://peru21.pe/economia/alertan-que-peru-recien-recibiria-44-millones-de-turistas-en-20230-cade-2025/,http://peru21.pe/sites/default/efsfiles/styles/amp_1200x675_16_9/public/2025-07/807704.jpg?itok=WwHfKTRT,2025-11-05T19:20:11Z,"El CEO de Casa Andina, Juan Stoessel, advirtió que la llegada de turistas internacionales  al Perú recién alcanzaría los niveles prepandemia (en 2019 alcanzó los 4.4 millones de visitantes) en 2030.… [+1361 chars]",2025-11-06 18:05:03
"{'id': None, 'name': 'Forbes.com.mx'}",Enrique Hernández,El gusano barrenador es un problema de seguridad nacional: ANETIF,"Forbes México.
 El gusano barrenador es un problema de seguridad nacional: ANETIF

El sello TIF evita que el gusano barrenador llegue a la carne comida en México, dijo la Asociación Nacional de Establecimientos Tipo Inspección Federal.
El gusano barrenador es…",https://forbes.com.mx/el-gusano-barrenador-es-un-problema-de-seguridad-nacional-anetif/,https://cdn.forbes.com.mx/2025/05/ganado-gusano-barrenador.webp,2025-11-05T19:19:32Z,"Alonso Fernández Flores, presidente de la Asociación Nacional de Establecimientos Tipo Inspección Federal (ANETIF), afirmó que el gusano barrenador del ganado es un problema de seguridad nacional, ya… [+4441 chars]",2025-11-06 18:05:03
"{'id': None, 'name': 'Peru21.pe'}",Nicolás Castillo Arévalo,Luis Carranza: “La minería nos lleva al primer mundo y la agroexportación elimina la pobreza”,"El exministro de Economía planteó fortalecer institucionalidad, meritocracia y procesos, y apostar por la minería y agroexportación como motores del desarrollo sostenible.",https://peru21.pe/economia/carranza-mineria-y-agroexportacion-son-claves-del-progreso/,http://peru21.pe/sites/default/efsfiles/styles/amp_1200x675_16_9/public/2025-11/luis-carranza.jpeg?itok=reBf0dLs,2025-11-05T19:15:44Z,"Durante su participación en CADE Ejecutivos 2025, el exministro de Economía y director de Alpha Asesoría Estratégica, Luis Carranza, presentó un diagnóstico de la economía peruana y los desafíos estr… [+2490 chars]",2025-11-06 18:05:03
"{'id': 'la-nacion', 'name': 'La Nacion'}",LA NACION,Cuándo es la final de la Copa Libertadores 2025,"El partido definitorio de la 66° edición del torneo más importante de Sudamérica a nivel de clubes se disputará en el estadio Monumental de Lima, Perú",https://www.lanacion.com.ar/deportes/futbol/cuando-es-la-final-de-la-copa-libertadores-2025-nid05112025/,https://resizer.glanacion.com/resizer/v2/palmeiras-y-flamengo-los-dos-mejores-equipos-de-3XPVLJDEGFFWTH2QK642QA2CCM.jpg?auth=eccea39291409575a6607ea356329ab3fe3e5ee50c1e947b07718b04a381ae33&width=1200&quality=70&smart=false&height=800,2025-11-05T19:01:58Z,La final de la Copa Libertadores 2025 pondrá a cara nuevamente a dos equipos brasileños: Palmeiras y Flamengo. La supremacía del país vecino en las competencias continentales de clubes es cada vez má… [+1256 chars],2025-11-06 18:05:03
"{'id': None, 'name': 'Excelsior.com.mx'}",vanessa.campuzano,Perú definirá viernes 7 noviembre asilo Betssy Chávez México,"Enrique Sánchez
El gobierno de Perú resolverá este viernes 7 de noviembre la entrega o rechazo del salvoconducto a México para que la expresidenta del consejo de ministros, Betssy Chávez Chino, pueda salir del país bajo la figura de asilo diplomático que se …",https://www.excelsior.com.mx/global/peru-definira-viernes-7-noviembre-asilo-betssy-chavez-mexico/1749832,https://www.excelsior.com.mx/media/pictures/2025/11/05/3411826.jpg,2025-11-05T18:39:35Z,"El gobierno de Perú resolverá este viernes 7 de noviembre la entrega o rechazo del salvoconducto a México para que la expresidenta del consejo de ministros, Betssy Chávez Chino, pueda salir del país … [+2411 chars]",2025-11-06 18:05:03
"{'id': 'la-nacion', 'name': 'La Nacion'}",LA NACION,Cómo es la nueva camiseta de la selección argentina para el Mundial 2026,Lionel Messi fue el protagonista de la campaña de lanzamiento; la indumentaria conmemora los logros históricos del equipo nacional y ya genera entusiasmo entre los hinchas,https://www.lanacion.com.ar/deportes/como-es-la-nueva-camiseta-de-la-seleccion-argentina-para-el-mundial-2026-nid05112025/,https://resizer.glanacion.com/resizer/v2/adidas-lanzo-la-nueva-camiseta-de-la-seleccion-JADSRPRG4ZHULFFCPYWXFOVBQA.jpg?auth=059d6b82d70c3b4a6c30e7953403b684550d9e0eaaaa14ee5169661909b0e0fd&width=1200&quality=70&smart=false&height=800,2025-11-05T18:37:11Z,"La Asociación del Fútbol Argentino (AFA)presentó la nueva camiseta de la selección argentina para el Mundial 2026 este 5 de noviembre de 2025. La indumentaria, diseñada por Adidas, busca homenajear l… [+2067 chars]",2025-11-06 18:05:03
"{'id': None, 'name': 'Peru21.pe'}",Mayra Calderón Cornejo,"Canciller sobre salvoconducto a Betssy Chávez: Se debe analizar la convención de Caracas""",Hugo de Zela confirmó que se analiza jurídicamente el caso antes de decidir si otorgará o no el salvoconducto que permitiría a Betssy Chávez salir del país.,https://peru21.pe/politica/hugo-de-zela-estamos-analizando-si-se-puede-negar-el-salvoconducto/,http://peru21.pe/sites/default/efsfiles/styles/amp_1200x675_16_9/public/2025-11/hugo-de-zela_0.jpg?itok=GmUCTgJS,2025-11-05T18:20:28Z,"El ministro de Relaciones Exteriores, Hugo De Zela, calificó como muy lamentable la decisión del Gobierno de México de otorgar asilo político a la ex primera ministra Betssy Chávez. En entrevista con… [+5510 chars]",2025-11-06 18:05:03
"{'id': None, 'name': 'Peru21.pe'}",Patricia Quispe,"Betssy Chávez: Perú no debe otorgarle el salvoconducto, dice excanciller González-Olaechea","El exministro aseguró que la medida no tendría ninguna consecuencia negativa para el Estado peruano y ""sería más bien un mensaje claro de que no se permitirá que se le saque la vuelta al Perú por la vía del asilo"".",https://peru21.pe/politica/betssy-chavezperu-no-debe-otorgarle-salvoconducto-dice-excanciller/,http://peru21.pe/sites/default/efsfiles/styles/amp_1200x675_16_9/public/2025-11/btssy.jpg?itok=rV-hcf9R,2025-11-05T18:06:06Z,"El excanciller Javier González-Olaechea afirmó que el Estado peruano debe ""negarle el salvoconducto"" a la expremier Betssy Chávez ""para no consolidar lo que ha sido una treta"" de su parte y ""una prem… [+2861 chars]",2025-11-06 18:05:03
"{'id': None, 'name': 'Elperiodico.com'}",Marta Cervera,"Música, danza, arte y aromas en una 'Fiesta Criolla' de Jordi Savall y Santi Moix en el Liceu","Música, danza, arte y esencias olfativas se combinan en la 'Fiesta Criolla', una singular propuesta que dirige Jordi Savall en el Liceu este jueves. El maestro regresa al Gran Teatre con una propuesta de arte total en la que se ha aliado con el artista plásti…",https://www.elperiodico.com/es/ocio-y-cultura/20251105/musica-danza-arte-aromas-fiesta-123386773,https://estaticos-cdn.prensaiberica.es/clip/63671613-a784-47f9-8650-9cbf84b1a8eb_16-9-discover-aspect-ratio_default_0.jpg,2025-11-05T17:39:33Z,"Música, danza, arte y esencias olfativas se combinan en la 'Fiesta Criolla', una singular propuesta que dirige Jordi Savall en el Liceu este jueves. El maestro regresa al Gran Teatre con una propuest… [+5740 chars]",2025-11-06 18:05:03
"{'id': None, 'name': 'Peru21.pe'}",Fabiana Sanchez,CADE 2025: revelan que solo 20% de personas con más de 25 años tienen educación universitaria,Exministro Fernando Barrios cuestionó incremento en presupuesto en educación pero crecimiento de la brecha | Educación | Universidad,https://peru21.pe/economia/cade-2025-solo-20-de-mas-de-25-anos-tienen-educacion-universitaria/,http://peru21.pe/sites/default/efsfiles/styles/amp_1200x675_16_9/public/2025-11/cade-fernando-barrios.jpeg?itok=dE9t2EaN,2025-11-05T17:34:24Z,"Durante CADE 2025, el exministro y actual presidente de la Universidad Continental, Fernando Barrios, reveló que actualmente solo el 20% de la población mayor de 25 años tiene educación universitaria… [+1625 chars]",2025-11-06 18:05:03
"{'id': None, 'name': 'Forbes.com.mx'}",Enrique Hernández,Las pymes son las víctimas en el conflicto diplomático entre México y Perú: ANIERM,"Forbes México.
 Las pymes son las víctimas en el conflicto diplomático entre México y Perú: ANIERM

La Asociación Nacional de Importadores y Exportadores de la República Mexicana dijo que el deterioro de las relaciones diplomáticas entre México y Perú no es u…",https://forbes.com.mx/las-pymes-son-las-victimas-en-el-conflicto-diplomatico-mexico-y-peru-anierm/,https://cdn.forbes.com.mx/2023/05/negocios-pymes-compras.webp,2025-11-05T17:23:31Z,"José Gerardo Tajonar Castro, presidente de la Asociación Nacional de Importadores y Exportadores de la República Mexicana (ANIERM), aseguró que las pequeñas y medianas empresas son las víctimas y suf… [+4665 chars]",2025-11-06 18:05:03
"{'id': 'rt', 'name': 'RT'}","RT en Español
 , RT en Español",China extiende la exención de visas a 5 países de América Latina,"""La puerta de China al mundo se abre más que nunca"", resaltó la portavoz de la Cancillería.",https://actualidad.rt.com/actualidad/571880-china-extender-exencion-visas-latinoamerica,https://mf.b37mrtl.ru/actualidad/public_images/2025.11/article/690b79e559bf5b68e0226344.jpg,2025-11-05T16:57:51Z,"China anunció la prórroga de la exención de visado hasta el 31 de diciembre de 2026 para ciudadanos de 45 países, entre ellos cinco naciones de América Latina: Argentina, Brasil, Chile, Perú y Urugua… [+1051 chars]",2025-11-06 18:05:03
"{'id': None, 'name': 'Peru21.pe'}",Felipe Quelopana,Presidente José Jerí visitó Videna y se reunió con Agustín Lozano y Jean Ferrari,"Presidente de la República, José Jerí, visitó la Videna de San Luis y se reunió con Agustín Lozano y Jean Ferrari, presidente y director general de la FPF",https://peru21.pe/deportes/presidente-jose-jeri-visito-videna-y-se-reunio-con-agustin-lozano-y-jean-ferrari/,http://peru21.pe/sites/default/efsfiles/styles/amp_1200x675_16_9/public/2025-11/agustin-lozano-jose-jeri-jean-ferrari.jpg?itok=A4H8zK4q,2025-11-05T16:54:25Z,"El mandatario José Jerí visitó las obras que se efectúan en la Videna, donde fue recibido por el presidente de la Federación Peruana de Fútbol (FPF), Agustín Lozano, y su director general, Jean Ferra… [+1015 chars]",2025-11-06 18:05:03
"{'id': None, 'name': 'Latercera.com'}",Christian González,Con el cóndor como símbolo: lanzan la nueva camiseta de la Roja,La Selección tiene nueva indumentaria para la resurrección. La tricota tiene dos versiones.,https://www.latercera.com/el-deportivo/noticia/con-el-condor-como-simbolo-lanzan-la-nueva-camiseta-de-la-roja/,https://www.latercera.com/resizer/v2/5Q2BWUSEC5E6NADCJMP55UJE2E.jpg?auth=eab6970b45e7e3903ff5fe6d4260065f1b8a9dabaebfb4cc19aecedd0f523309&height=630&width=1200&smart=true,2025-11-05T16:50:12Z,"La Selección tiene una nueva camiseta. Aunque la escuadra nacional no irá al Mundial y aún no se decide quien encabezará el nuevo proceso, igualmente renueva indumentaria. 
Este mes, el combinado na… [+1783 chars]",2025-11-06 18:05:03
"{'id': None, 'name': 'Expansion.com'}",Expansión,"El seguro latinoamericano moderó su crecimiento en 2024 hasta el 5,8%, según Mapfre Economics","Las primas del mercado asegurador latinoamericano crecieron un 5,8% en 2024, hasta los 215.131 millones de dólares (unos 186.750 millones de euros al cambio actual), lo que supone...",https://www.expansion.com/empresas/seguros/2025/11/05/690b7dc5e5fdea85288b4594.html,https://e01-phantom-expansion.uecdn.es/a4304a5fafe1b534d49e38756653a83d/crop/609x0/2048x1079/resize/1200/f/webp/assets/multimedia/imagenes/2025/11/05/17623607234570.jpg,2025-11-05T16:39:38Z,"Alcanza los 215.131 millones de dólares (unos 186.750 millones de euros al cambio actual).Las primas del mercado asegurador latinoamericano crecieron un 5,8% en 2024, hasta los 215.131 millones de dó… [+3548 chars]",2025-11-06 18:05:03
"{'id': None, 'name': 'Elconfidencialdigital.com'}",Agustín Hidalgo,"El ministro de exteriores Albares, humilla a España y cede ante Sheinbaum sobre la conquista","El ministro de Exteriores José Manuel Albares, manifestó ante el embajador de México en la recepción del&nbsp; ambicioso proyecto expositivo de la cultura mexicana con el título “ La mitad del mundo. La mujer en México indígena “. Lo siguiente: “ ha habido do…",https://www.elconfidencialdigital.com/articulo/opinan-socios-ecd/ministro-exteriores-albares-humilla-espana-cede-sheinbaum-conquista/20251105172144987744.html,https://www.elconfidencialdigital.com/media/elconfidencialdigital/images/2025/04/07/2025040718221436430.jpg,2025-11-05T16:21:44Z,"Hace más de 200 años se viene agudizando una animadversión contra España a propósito del descubrimiento de las Américas. Para contrarrestar estos ataques, historiadores e investigadores como, Stanley… [+5378 chars]",2025-11-06 18:05:03
"{'id': None, 'name': 'Peru21.pe'}",Fabiana Sanchez,"Ministra de Economía en CADE 2025: ""Necesitamos ser más confiables""",Titular del MEF aseguró que se necesitan políticas hechas pensando en la realidad del país | CADE 2025 | Economía | Perú | Economía y Finanzas,https://peru21.pe/economia/ministra-de-economia-en-cade-2025-necesitamos-ser-mas-confiables/,http://peru21.pe/sites/default/efsfiles/styles/amp_1200x675_16_9/public/2025-11/denisse-miralles-foto-andina.jpg?itok=5pz5A2wj,2025-11-05T16:13:55Z,"La ministra de Economía y Finanzas (MEF), Denisse Miralles, aseguró que el Perú necesita trabajar en impulsar grandes proyectos que generen más empleo y desarrollo para el país.
""Desde el sector púb… [+2045 chars]",2025-11-06 18:05:03
"{'id': None, 'name': 'Record.com.mx'}",REDACCIÓN RÉCORD,Adidas presentó las nuevas equipaciones de 22 selecciones rumbo al Mundial 2026,"La marca alemana dio a conocer los jerseys de local de 22 naciones, incluidas algunas que no van al Mundial",https://www.record.com.mx/futbol/futbol-internacional/internacionales/adidas-presento-las-nuevas-equipaciones-de-22,https://www.record.com.mx/sites/default/files/articulos/2025/11/05/adidas-presento-las-nuevas-equipaciones-de-22-selecciones-rumbo-al-mundial-2026.jpg,2025-11-05T15:47:48Z,Sigue la cuenta regresiva rumbo a la Copa Mundial 2026 y Adidas presentó este miércoles las equipaciones de local de las 22 federaciones que están asociadas a ella. Entre ellas destacan la Selección … [+3354 chars],2025-11-06 18:05:03
"{'id': 'marca', 'name': 'Marca'}",Raúl Sarrasí,¿La última camiseta de Messi?,"Adidas ha presentado  las camisetas oficiales locales para 2026 de 22 federaciones asociadas antes de la Copa Mundial de la FIFA 26™, incluyendo: Argelia, Argentina, Bélgica, Chile, Colombia, Costa Rica, Alemania, Hungría, Italia, Japón, México, Irlanda del N…",https://www.marca.com/futbol/mundial/2025/11/05/adidas-presenta-camisetas-locales-mundial-2026-video.html,https://objetos-xlk.estaticos-marca.com/files/article_main_microformat/uploads/2025/11/05/ZNNRY1f2szViWJBEj.jpeg,2025-11-05T15:39:55Z,"Actualizado 05/11/2025
 -
 16:39CET
Adidas ha presentado  las camisetas oficiales locales para 2026 de 22 federaciones asociadas antes de la Copa Mundial de la FIFA 26, incluyendo: Argelia, Argent… [+648 chars]",2025-11-06 18:05:03
"{'id': 'la-nacion', 'name': 'La Nacion'}",LA NACION,"Itza Castillo, Miss Nicaragua muestra cómo es la gastronomía exótica de Tailandia en su viaje a Miss Universo",La reina de belleza visitó un puesto de comida callejera donde vendían insectos y modeló en uno de los templos más famosos del país,https://www.lanacion.com.ar/estados-unidos/famosos/itza-castillo-miss-nicaragua-muestra-como-es-la-gastronomia-exotica-de-tailandia-en-su-viaje-a-miss-nid05112025/,https://resizer.glanacion.com/resizer/v2/itza-castillo-ya-esta-en-tailandia-el-pais-sede-ABQRJE2TN5EUVKFJE2I73PBOB4.jpg?auth=a9a29f849e50e4d71d67a472628e688759ad9a56d28a6f728ec39a634c278c04&width=1200&quality=70&smart=false&height=800,2025-11-05T15:30:33Z,"Itza Castillo es la reina de belleza que representará a Nicaragua en Miss Universo el próximo 21 de noviembre en la ciudad de Pak Kret, en Tailandia. La modelo ya se encuentra en el país asiático y c… [+3172 chars]",2025-11-06 18:05:03
"{'id': None, 'name': 'Forbes.com.mx'}",Forbes Staff,Diputada española dice que Sheinbaum debería pedir disculpas por homicidios en México,"Forbes México.
 Diputada española dice que Sheinbaum debería pedir disculpas por homicidios en México

La parlamentaria recordó el reciente asesinato del alcalde de Uruapan y afirmó que se deberían pedir disculpas por eso y no por la conquista Española.
Diput…",https://forbes.com.mx/diputada-espanola-dice-que-sheinbaum-deberia-pedir-disculpas-por-homicidios-en-mexico/,https://cdn.forbes.com.mx/2025/11/Alvare-de-Toledo-Sheinbaum.webp,2025-11-05T15:16:07Z,La diputada española del Partido Popular (PP) Cayetana Álvarez de Toledo aseguró que la presidenta Claudia Sheinbaum debería pedir disculpas por las muertes causadas por los cárteles y el crimen orga… [+3007 chars],2025-11-06 18:05:03
"{'id': 'la-nacion', 'name': 'La Nacion'}",Laura Ponasso,Banco Ciudad incorporó a Bruno Folino como gerente general,"El ejecutivo, con más de 30 años en la banca privada, desembarca en la entidad pública porteña con el desafío de impulsar una gestión moderna y orientada al desarrollo económico; estuvo a cargo de la fusión entre los bancos Galicia y HSBC",https://www.lanacion.com.ar/economia/negocios/banco-ciudad-incorporo-a-bruno-folino-como-gerente-general-nid05112025/,https://resizer.glanacion.com/resizer/v2/bruno-folino-asumio-como-gerente-general-en-banco-ZCY4ONSYTZAJJOUH73BXOIM5JE.jpg?auth=b1e28c7408a6b1665b9d897ebc61b46e8a243a3fad6d28f4f5693723d2392f27&width=1200&quality=70&smart=false&height=800,2025-11-05T15:10:34Z,"Banco Ciudad designó un nuevo gerente general. Se trata de Bruno Folino, quien llegó a la entidad presidida por Guillermo Laje luego de más de tres décadas en el sector financiero privado. Reemplaza … [+2358 chars]",2025-11-06 18:05:03
"{'id': None, 'name': 'Forbes.com.mx'}",Forbes Staff,"El expresidente de Perú, Pedro Castillo, exige salvoconducto para asilo de Betssy Chávez en México","Forbes México.
 El expresidente de Perú, Pedro Castillo, exige salvoconducto para asilo de Betssy Chávez en México

En México también se encuentran asilados la esposa e hijos del expresidente Pedro Castillo, quien también trató de llegar a la Embajada de Méxi…",https://forbes.com.mx/el-expresidente-de-peru-pedro-castillo-exige-salvoconducto-para-asilo-de-betssy-chavez-en-mexico/,https://cdn.forbes.com.mx/2025/11/Pedro-Castillo-Peru-Betssy-Chavez-asilo-Mexico-salvoconducto-.webp,2025-11-05T15:09:08Z,"El expresidente peruano, Pedro Castillo, exigió al actual Gobierno peruano que conceda el salvoconducto para que su ex primera ministra, Betssy Chávez (junto a quien está enjuiciado por supuesto inte… [+3714 chars]",2025-11-06 18:05:03
"{'id': None, 'name': 'Forbes.com.mx'}",Forbes Staff,Latinoamérica llega a la COP30 con el desafío de convertir compromisos en acción,"Forbes México.
 Latinoamérica llega a la COP30 con el desafío de convertir compromisos en acción

Las limitaciones presupuestarias y la dependencia de los combustibles fósiles de Latinoamérica se presentan con un desafío que tendrá que ser abordado sin un acu…",https://forbes.com.mx/latinoamerica-llega-a-la-cop30-con-el-desafio-de-convertir-compromisos-en-accion/,https://cdn.forbes.com.mx/2025/11/COP30-Latinoamerica.webp,2025-11-05T15:08:20Z,Latinoamérica llega a la COP30 de Belém (Brasil) con el objetivo de reducir las emisiones contaminantes y sumarse a la transición energética pero buscando una voz común que consiga convertir los comp… [+5655 chars],2025-11-06 18:05:03
"{'id': None, 'name': 'Www.df.cl'}",J. Troncoso Ostornol,"Edyce Metalúrgica, líder en el mercado del acero en Chile, pide su reorganización judicial con pasivos que superan los $ 33 mil millones","“Es la mayor fábrica de estructuras metálicas del país”, dijo el abogado Ricardo Reveco de Carey. Sus principales acreedores son el Banco Santander Chile, Hyundai Corporation y la Tesorería General",https://www.df.cl/empresas/construccion/edyce-metalurgica-lider-en-el-mercado-del-acero-en-chile-pide-su,https://www.df.cl/noticias/site/artic/20251105/imag/foto_0000000120251105113609/Edyce_Metalu_rgica.jpg,2025-11-05T14:30:00Z,"La empresa Edyce Metalúrgica -autodenominada líder en el mercado del acero en Chile- solicitó la apertura de un proceso de reorganización judicial. La firma, representada por Sergio Rocco, informó pa… [+4026 chars]",2025-11-06 18:05:03
"{'id': 'la-nacion', 'name': 'La Nacion'}",Jaime Rosemberg,Milei vuela hoy a Miami: es el viaje número 14 a los Estados Unidos desde que asumió la presidencia,"En los 22 meses de su mandato, solo cuatro de las visitas fueron misiones oficiales; en el resto participó de cumbres ultraconservadoras, recibió premios y vio a empresarios y personalidades de la comunidad judía",https://www.lanacion.com.ar/politica/milei-vuela-hoy-a-miami-es-el-viaje-numero-14-a-los-estados-unidos-desde-que-asumio-la-presidencia-nid05112025/,https://resizer.glanacion.com/resizer/v2/los-presidentes-donald-trump-y-javier-7F7VIBOHCNBYPORH4GAIX3EJME.jpg?auth=b14880ce711e49bddf96b4e37b921e1a08ec348473a9dd40effbc6dfa4bb3eca&width=1200&quality=70&smart=false&height=800,2025-11-05T14:20:49Z,"Ni en la época de las recordadas relaciones carnales, que encabezó el entonces presidente Carlos Menem en los noventa, las visitas habían sido tantas y tan diversas. Hoy por la tarde, el presidente J… [+4697 chars]",2025-11-06 18:05:03
"{'id': None, 'name': 'Peru21.pe'}",Felipe Quelopana,"""Pasamos al contraataque"": Presidente Jerí entregó armas y chalecos a la Policía","""Pasamos al contraataque"": Presidente José Jerí entregó armas, chalecos y uniformes a la Policía Nacional del Perú (PNP) en el Ministerio del Interior",https://peru21.pe/politica/presidente-jose-jeri-entrego-armas-y-chalecos-policias-para-contraataque/,http://peru21.pe/sites/default/efsfiles/styles/amp_1200x675_16_9/public/2025-11/jose-jeri-entrega-armas-y-chalecos-a-la-policia.png?itok=V2R_-KMC,2025-11-05T13:57:47Z,"El presidente José Jerí lideró una ceremonia de entrega de armas, chalecos y uniformes a la Policía Nacional del Perú (PNP), en el marco del ""contraataque"" a la ola de extorsiones y sicariatos que su… [+1600 chars]",2025-11-06 18:05:03
"{'id': None, 'name': 'Peru21.pe'}",Katherine Llanos Fajardo,Gobierno definirá si dará o no el salvoconducto a Betssy Chávez este viernes 7 de noviembre,"El presidente José Jerí señaló que la decisión dependerá de la recomendación de la Cancillería, tras el reciente quiebre de relaciones diplomáticas entre ambos países.",https://peru21.pe/politica/gobierno-definira-si-dara-o-no-el-salvoconducto-betssy-chavez-este-viernes-7-de-noviembre/,http://peru21.pe/sites/default/efsfiles/styles/amp_1200x675_16_9/public/2025-11/abridoras-peru21-2025-11-05t083630.648-1.png?itok=kdvhcRRC,2025-11-05T13:55:22Z,"La expremier Betssy Chávez, quien fue jefa del Gabinete durante el gobierno de Pedro Castillo, continúa alojada en la residencia de la Embajada de México en Lima mientras espera que se emita el salvo… [+2702 chars]",2025-11-06 18:05:03
"{'id': None, 'name': 'Milenio'}",José Antonio López,"IE University, Banco Santander y Fundación Universia ponen en marcha programa de liderazgo para profesionales con discapacidad","Banco Santander, Fundación Universia e IE University pusieron en marcha Santander Líderes para la Inclusión Global, un programa diseñado para reforzar la formación en liderazgo de 25 profesionales con discapacidad procedentes de siete países iberoamericanos, …",https://www.milenio.com/negocios/curso-santander-lideres-inclusion-global-apoya-discapacitados,https://cdn.milenio.com/uploads/media/2025/11/05/ensenaran-liderar-confianza-sostenibilidad-curso.jpg,2025-11-05T13:52:59Z,"Banco Santander, Fundación Universia e IE University pusieron en marcha Santander Líderes para la Inclusión Global, un programa diseñado para reforzar la formación en liderazgo de 25 profesionales co… [+2261 chars]",2025-11-06 18:05:03
"{'id': None, 'name': 'Elcomercio.com'}",Ana Guerrero,Ejército destruye campamento de minería ilegal y halla armas supuestamente de grupo criminal de Perú,"El Ejército intervino un campamento de minería ilegal, donde encontró armas de grupo que sería de Perú, en Zamora Chunchipe.",https://www.elcomercio.com/actualidad/seguridad/ejercito-destruye-campamento-mineria-ilegal-armas-grupo-criminal-peru/,https://media.elcomercio.com/wp-content/uploads/2025/11/mineria-ilegal-armas-Peru.jpg,2025-11-05T13:45:52Z,"Suscríbete a nuestro canal de WhatsApp y recibe noticias al instante, directo en tu celular.",2025-11-06 18:05:03
"{'id': None, 'name': 'Forbes.com.mx'}",Gonzalo Girault,Gamacon: México busca su lugar en la industria global de los videojuegos,"Forbes México.
 Gamacon: México busca su lugar en la industria global de los videojuegos

Aunque México es uno de los mayores consumidores de videojuegos en América Latina, la pregunta que muchos se hacen es si puede convertir también en un productor relevant…",https://forbes.com.mx/gamacon-mexico-busca-su-lugar-en-la-industria-global-de-los-videojuegos/,https://cdn.forbes.com.mx/2019/12/glenn-carstens-peters-0woyPEJQ7jc-unsplash-scaled.jpg,2025-11-05T13:41:00Z,"La industria del videojuego, valuada en más de 180 mil millones de dólares a nivel global, ha dejado de ser un simple fenómeno de entretenimiento para convertirse en una de las economías creativas má… [+4981 chars]",2025-11-06 18:05:03
"{'id': None, 'name': 'El Financiero'}",Kenneth Smith,El sector privado: jugador clave en la revisión del T-MEC,Es importante entender lo que está en juego: se trata de un TLC con un valor de casi $2 billones de dólares para los tres países norteamericanos.,https://www.elfinanciero.com.mx/opinion/kenneth-smith/2025/11/05/el-sector-privado-jugador-clave-en-la-revision-del-t-mec/,https://www.elfinanciero.com.mx/resizer/v2/APF6MLEKNBE4PKG4DSPURF2O7Q.jpg?smart=true&auth=b8c5e903bd1b3f35d07b4ed4af6556dff360e8c3f0f20a4a083de9c330b45e1a&width=1200&height=630,2025-11-05T13:35:13Z,El banderazo de salida para la revisión del T-MEC en 2026 se dio cuando el pasado 17 de septiembre los gobiernos de México y Estados Unidos (EU) publicaron sus respectivos avisos de inicio de consult… [+6480 chars],2025-11-06 18:05:03
"{'id': None, 'name': 'Republica.com'}",Mariano Rayo,Superintendencia de Competencia: La oportunidad que no podemos desperdiciar,"Guatemala tiene un boleto de lotería en las manos. El país tiene la oportunidad de no copiar o adaptar una institución heredada. Hoy debe construir desde cero, con planos propios, una entidad estatal autónoma que rompa los patrones tradicionales de la adminis…",https://republica.com/columna-de-opinion/superintendencia-de-competencia-la-oportunidad-que-no-podemos-desperdiciar-20251157160,https://cdn.republica.com/112025/1762438955372.jpg?&cw=600&ch=365,2025-11-05T13:16:00Z,"Guatemala tiene un boleto de lotería en las manos. El país tiene la oportunidad de no copiar o adaptar una institución heredada. Hoy debe construir desde cero, con planos propios, una entidad estatal… [+10920 chars]",2025-11-06 18:05:03
"{'id': None, 'name': 'Cnnchile.com'}",CNN Chile,"Millennials, mujeres e indiferentes a la política: El perfil del votante predominante en las elecciones 2025","Cerca de 15 millones de personas están habilitadas para votar en las elecciones presidenciales y parlamentarias del 16 de noviembre. Debido al carácter obligatorio de los comicios, alrededor de cinco millones de nuevos electores podrían ser decisivos en la de…",https://www.cnnchile.com/pais/millennials-mujeres-e-indiferentes-a-la-politica-el-perfil-del-votante-predominante-en-las-elecciones-2025_20251105/,https://media.cnnchile.com/sites/2/2025/11/A_UNO_1677935-e1762300072463.jpg,2025-11-05T13:12:04Z,"Cerca de 15 millones de personas están habilitadas para votar en las elecciones presidenciales y parlamentarias del 16 de noviembre. Debido al carácter obligatorio de los comicios, alrededor de cinco… [+3133 chars]",2025-11-06 18:05:03
"{'id': None, 'name': 'Europapress.es'}",,Níjar y Laujar de Andarax protagonizan el final de la visita de la delegación iberoamericana a la provincia de Almería,"La misión técnica de la delegación de la Unión Iberoamericana de Municipalistas (UIM) en la provincia de Almería se ha clausurado tras dos visitas técnicas centradas en el valor del producto local, la identidad territorial y las estrategias de desarrollo rura…",https://www.europapress.es/andalucia/diputacion-almeria-01014/noticia-nijar-laujar-andarax-protagonizan-final-visita-delegacion-iberoamericana-provincia-almeria-20251105140708.html,https://img.europapress.es/fotoweb/fotonoticia_20251105140708_1200.jpg,2025-11-05T13:07:06Z,"ALMERÍA 5 Nov. (EUROPA PRESS) - 
 La misión técnica de la delegación de la Unión Iberoamericana de Municipalistas (UIM) en la provincia de Almería se ha clausurado tras dos visitas técnicas centrada… [+3243 chars]",2025-11-06 18:05:03
"{'id': None, 'name': 'El Financiero'}",Cristina Hernández,Conferencia ‘mañanera’ de Claudia Sheinbaum hoy 5 de noviembre de 2025: Síguela aquí en vivo,Durante la conferencia matutina de la presidenta Sheinbaum se presentó la sección 'Detector de mentiras'.,https://www.elfinanciero.com.mx/nacional/2025/11/05/claudia-sheinbaum-mananera-temas-hoy-5-de-noviembre-de-2025-en-vivo/,https://www.elfinanciero.com.mx/resizer/v2/SZGJMZBOMRGI7E274DWRKLBOHI.jpg?smart=true&auth=f44c82cbf54e25e97580bd90ba0a055934d9c91d83203adf8465fc3c329f4d12&width=1200&height=630,2025-11-05T12:54:00Z,"La presidenta Claudia Sheinbaum encabeza su conferencia mañanera de este miércoles 5 de noviembre desde Palacio Nacional, donde se prevé que detalle cómo fue su reunión con Grecia Quiroz, viuda de Ca… [+2113 chars]",2025-11-06 18:05:03
"{'id': None, 'name': 'Aristeguinoticias.com'}",Redacción AN / LP,Expresidente de Perú exige salvoconducto para asilo de ex primera ministra en México,El Gobierno de Claudia Sheinbaum comunicó el lunes que Betssy Chávez se encontraba en su embajada en Lima y que le habían concedido el asilo político.,https://aristeguinoticias.com/051125/mundo/expresidente-de-peru-exige-salvoconducto-para-asilo-de-ex-primera-ministra-en-mexico/,https://editorial.aristeguinoticias.com/wp-content/uploads/2022/12/pedro-castillo-expresidente-peru-jamas-cometido-delito-rebelion-prision-preventiva-conspiracion-familia-disolucion-congreso-gobierno-excepcion-destituido-28122022.jpg,2025-11-05T12:37:50Z,"El izquierdista expresidente peruano Pedro Castillo (2021-2022) exigió este martes al actual Gobierno peruano que conceda el salvoconducto para que su ex primera ministra Betssy Chávez, junto a quien… [+3286 chars]",2025-11-06 18:05:03
"{'id': None, 'name': 'Tribuna.com.mx'}",Marbella Robles,Generación 'Z' convoca marcha anticorrupción con banderas de 'One Piece' en Ciudad de México,Jóvenes de generación 'Z' marcharán en CDMX el 8 de noviembre contra la corrupción y la impunidad; con la bandera de 'One Piece',https://www.tribuna.com.mx/mexico/2025/11/5/generacion-z-convoca-marcha-anticorrupcion-con-banderas-de-one-piece-en-ciudad-de-mexico-418559.html,https://www.tribuna.com.mx/u/fotografias/m/2025/11/5/f1280x720-476484_608159_5050.png,2025-11-05T12:00:00Z,"Ciudad de México.- Un grupo identificado como 'Generación Z México' convocó a una manifestación para el próximo 8 de noviembre, con el fin de exigir la revocación de mandato de la presidenta Claudia … [+2454 chars]",2025-11-06 18:05:03
"{'id': None, 'name': 'Latercera.com'}",Marcelo Contreras,Perfil de Jorge González: “Sepultó los setenta y ese hippismo trasnochado y triste del Canto Nuevo”,"El periodista y académico Juan Cristóbal Peña publica una nueva versión de Sudamerican Rocker Un retrato de Jorge González, donde aborda los orígenes, la irrupción y los motivos tras un cancionero y trayectoria que lo elevó a la altura de Violeta Parra y Víct…",https://www.latercera.com/culto/noticia/perfil-de-jorge-gonzalez-sepulto-los-setenta-y-ese-hippismo-trasnochado-y-triste-del-canto-nuevo/,https://www.latercera.com/resizer/v2/IRAXI2GRK5HRDGZTMRKUYXA4N4.jpg?auth=9338eef80dccebda0badab284407327478be3ec5f48d878d8710e094a1577019&height=630&width=1200&smart=true,2025-11-05T11:55:33Z,"No había escuchado hablar de ellos, menos su música, cuando Juan Cristóbal Peña (Santiago 1969) vio por primera vez a Los Prisioneros a mediados de los 80, en el festival de un colegio del barrio alt… [+11681 chars]",2025-11-06 18:05:03
"{'id': None, 'name': 'Eldiario.es'}",Efe,Un nuevo método con IA predice erupciones volcánicas hasta con 12 horas de antelación,"Validado con éxito en el volcán de La Palma y en el de Colima (México), sienta las bases para una nueva generación de herramientas de pronóstico y representa un salto cualitativo en cuanto a la seguridad ante una crisis volcánica

 Una investigación internac…",https://www.eldiario.es/canariasahora/ciencia_y_medio_ambiente/nuevo-metodo-ia-predice-erupciones-volcanicas-12-horas-antelacion_1_12743050.html,https://static.eldiario.es/clip/ef4b444b-1b16-4a7b-8c6b-8c72af81625c_facebook-watermarked-aspect-ratio_default_0.jpg,2025-11-05T11:33:47Z,Una investigación internacional ha desarrollado un procedimiento basado en inteligencia artificial (IA) y Teoría de la Señal capaz de predecir erupciones volcánicas con al menos 12 horas de antelació… [+2513 chars],2025-11-06 18:05:03
"{'id': None, 'name': 'Expansion.com'}",R. Poza,El mercado teme unos dividendos más bajos en Telefónica en los próximos años,"&quot;Las perspectivas más pesimistas de Telefónica en cuanto al flujo de caja libre afectará a los dividendos&quot;, señala Bernstein.  Deutsche Bank afirma que es...",https://www.expansion.com/mercados/2025/11/05/690b26a5e5fdea35718b4599.html,https://e01-phantom-expansion.uecdn.es/d153a222125362964a3758303a201cdf/crop/318x170/1840x1185/resize/1200/f/webp/assets/multimedia/imagenes/2021/07/29/16275335019389.jpg,2025-11-05T10:27:54Z,"Los analistas advierten de que un recorte de previsiones de flujo de caja libre provocará menores dividendos en el futuro.""Las perspectivas más pesimistas de Telefónica en cuanto al flujo de caja lib… [+2492 chars]",2025-11-06 18:05:03
"{'id': None, 'name': 'Elconfidencial.com'}",R. B.,Así es la flotilla indígena Yaku Mama que viaja hasta Belém por la COP30: 3.000 km por el Amazonas y un desafío al mundo,El objetivo de la flotilla es detener el uso de combustibles fósiles y frenar la deforestación amazónica. Algo clave para frenar el calentamiento global y conservar los ecosistemas,https://www.elconfidencial.com/mundo/2025-11-05/flotilla-yaku-mama-asi-es-cop30-amazonas-1qrt_4241900/,"https://images.ecestaticos.com/NhtyCkHSe-io50vo0KHM8OPUvS4=/0x0:1240x754/600x315/filters:fill(white):format(jpg):quality(99):watermark(f.elconfidencial.com/file/bae/eea/fde/baeeeafde1b3229287b0c008f7602058.png,0,275,1)/f.elconfidencial.com/original/d56/ead/4d6/d56ead4d682aec58da08c21f151f9d29.jpg",2025-11-05T09:50:00Z,Bill Gates cambia de opinión: “El cambio climático no destruirá a la humanidad”Sigue a El Confidencial en Google para enterarte de todas las noticiasLa flotilla Yaku Mama recorre miles de kilómetros … [+3765 chars],2025-11-06 18:05:03
"{'id': None, 'name': 'Jornada.com.mx'}","DEMOS, Desarrollo de Medios, S.A. de C.V.",Transportistas paralizan Lima para exigir freno a la ola de asesinatos,Lima. Los transportistas del servicio urbano volvieron a paralizar ayer la capital de Perú en protesta por la ola de inseguridad en el país y para exigir acciones más contundentes por parte del gobierno del presidente interino José Jerí.,https://www.jornada.com.mx/2025/11/05/mundo/027n2mun,https://www.jornada.com.mx/imagemeta/1200x630BN.jpg,2025-11-05T09:43:39Z,"Periódico La JornadaMiércoles 5 de noviembre de 2025, p. 27
Lima. Los transportistas del servicio urbano volvieron a paralizar ayer la capital de Perú en protesta por la ola de inseguridad en el paí… [+2052 chars]",2025-11-06 18:05:03
"{'id': None, 'name': 'Jornada.com.mx'}",Enrique Galván Ochoa,Enrique Galván Ochoa: Dinero,"De acuerdo con los primeros resultados del conteo de votos, el presidente Trump ha sufrido una derrota electoral en casa, Nueva York, la ciudad donde se levanta la imponente Torre Trump.",https://www.jornada.com.mx/2025/11/05/opinion/006o1eco,https://www.jornada.com.mx/2025/11/05/fotos/006o1eco-1.jpg,2025-11-05T09:43:39Z,"e acuerdo con los primeros resultados del conteo de votos, el presidente Trump ha sufrido una derrota electoral en casa, Nueva York, la ciudad donde se levanta la imponente Torre Trump.
Cuando se ha… [+3710 chars]",2025-11-06 18:05:03
"{'id': None, 'name': 'Jornada.com.mx'}","DEMOS, Desarrollo de Medios, S.A. de C.V.","Niega México injerencismo en Perú; asilo político, acto “humanista”","Al ratificar que el gobierno de México continuará con su tradición humanista de otorgar asilo político a personas perseguidas en otras naciones por motivos políticos, la presidenta Claudia Sheinbaum insistió en que el rompimiento de relaciones diplomáticas de…",https://www.jornada.com.mx/2025/11/05/politica/008n1pol,https://www.jornada.com.mx/imagemeta/1200x630BN.jpg,2025-11-05T09:43:38Z,"Periódico La JornadaMiércoles 5 de noviembre de 2025, p. 8
Al ratificar que el gobierno de México continuará con su tradición humanista de otorgar asilo político a personas perseguidas en otras naci… [+3025 chars]",2025-11-06 18:05:03
"{'id': None, 'name': 'Excelsior.com.mx'}",mauricio.alvarado.martinez,¿A quién dar refugio? El dilema ético de la política exterior,"La decisión del gobierno mexicano de conceder asilo a la exprimera ministra peruana Betssy Chávez ha cristalizado una profunda crisis diplomática, culminando en la ruptura de relaciones por parte de Perú. Este caso pone sobre la mesa el eterno debate sobre el…",https://www.excelsior.com.mx/opinion/pascal-beltran-del-rio/a-quien-dar-refugio-el-dilema-etico-de-la-politica-exterior/1749753,https://www.excelsior.com.mx/media/opinion/vertical/2017/10/15/1775398.jpg,2025-11-05T08:51:49Z,"La decisión del gobierno mexicano de conceder asilo a la exprimera ministra peruana Betssy Chávez ha cristalizado una profunda crisis diplomática, culminando en la ruptura de relaciones por parte de … [+3822 chars]",2025-11-06 18:05:03
"{'id': None, 'name': 'El Financiero'}",Diana Benítez,"‘Desproporcionada, decisión de Perú’: Sheinbaum; no se rompe en lo comercial y consular, dice",Claudia Sheinbaum calificó como desproporcionada la ruptura diplomática de Perú con México tras el asilo político otorgado a Betssy Chávez.,https://www.elfinanciero.com.mx/nacional/2025/11/05/desproporcionada-decision-de-peru-sheinbaum-no-se-rompe-en-lo-comercial-y-consular-dice/,https://www.elfinanciero.com.mx/resizer/v2/D3BFCH263ZDWZDMH57GMSQAU4E.jpg?smart=true&auth=38d812cee209ab1f08c1d2790064880de97b5ab93a9d744a7be138cc8b59da10&width=1200&height=630,2025-11-05T08:27:45Z,La presidenta Claudia Sheinbaum calificó de desproporcionada la decisión de Perú de romper relaciones diplomáticas con México como respuesta al asilo político a la exprimera ministra peruana Betssy C… [+2291 chars],2025-11-06 18:05:03
"{'id': None, 'name': 'El Financiero'}",Confidencial .,"PRI, ‘caravana con sombrero ajeno’","Los legisladores del PRI se presentaron ayer con sombreros manchados de rojo en sus curules y en tribuna, además de portar pancartas con la leyenda: “Manzo vive”.",https://www.elfinanciero.com.mx/opinion/confidencial/2025/11/05/pri-caravana-con-sombrero-ajeno/,https://www.elfinanciero.com.mx/resizer/v2/3Q2LDUKVK5A57AHQHKZWLEK3EM.jpg?smart=true&auth=9c76790b1f666235262b41a02af25005df0a9ea98d09904eec2d987e614b3e2a&width=1200&height=630,2025-11-05T07:30:00Z,"Aunque Carlos Manzo dejó el PRI por sus prácticas autoritarias y antidemocráticas, su corrupción y por el abandono en que dejó al campo, hoy los legisladores priistas lo toman como su bandera y hacen… [+3123 chars]",2025-11-06 18:05:03
"{'id': None, 'name': 'El Financiero'}",Omar Cepeda,América en crisis,"La suspensión de la Cumbre de las Américas refleja la crisis política y las tensiones ideológicas que fragmentan al continente, con México, Venezuela y Estados Unidos como actores clave en un nuevo reacomodo regional.",https://www.elfinanciero.com.mx/opinion/omar-cepeda/2025/11/05/america-en-crisis/,https://www.elfinanciero.com.mx/resizer/v2/BK74Q4A6GNGJTEQ7Z2K7UTV2SE.jpg?smart=true&auth=db8b7b123eed19e5014b1734ff573c4caa7f8e677b90250e6ab519b3c259a689&width=1200&height=630,2025-11-05T07:30:00Z,"Algo trascendental está por pasar en el continente americano, o ya está pasando y no lo estamos viendo con claridad. Posponer la Cumbre de las Américas, que estaba programada para diciembre próximo e… [+4234 chars]",2025-11-06 18:05:03
"{'id': None, 'name': 'Www.df.cl'}",Diario Financiero,El doble rasero de la izquierda latinoamericana,JUAN IGNACIO BRITO Profesor de la Facultad de Comunicación e investigador del Centro Signos de la U. Andes,https://www.df.cl/opinion/columnistas/juan-ignacio-brito/el-doble-rasero-de-la-izquierda-latinoamericana,https://www.df.cl/noticias/site/artic/20251104/imag/foto_0000000320251104181252/Juan-Ignacio-Brito-2022.jpg,2025-11-05T07:04:00Z,El choque diplomático entre Perú y Venezuela a raíz del asilo concedido el por el Gobierno de Claudia Sheinbaum a la exprimera ministra peruana Betssy Chávez entrega otra evidencia del doble estándar… [+3351 chars],2025-11-06 18:05:03
"{'id': None, 'name': 'Www.df.cl'}",Laura Guzmán,"Vitacura lidera el lujo inmobiliario: Lo Curro, Santa María y Jardín del Este concentran los precios más altos de la RM","Ubicación estratégica, baja densidad, amplias áreas verdes, viviendas de gran tamaño y servicios premium son parte de los factores que explican el mayor valor de las propiedades en estos barrios.",https://www.df.cl/empresas/construccion/vitacura-lidera-el-lujo-inmobiliario-lo-curro-santa-maria-y-jardin-del,https://www.df.cl/noticias/site/artic/20251104/imag/foto_0000000320251104200408.jpg,2025-11-05T07:00:00Z,"Vitacura es reconocida como una de las comunas más exclusivas y caras de Chile, un título que no es casual. En su territorio residen algunas de las fortunas más altas del país y, un nuevo estudio de … [+4544 chars]",2025-11-06 18:05:03
"{'id': None, 'name': 'El Financiero'}",Macario Schettino,Estrada-Chávez,"El gobierno de México ha distorsionado la Doctrina Estrada al intervenir en países como Perú, Ecuador y Venezuela, combinando principios de no intervención con respaldo a regímenes autoritarios.",https://www.elfinanciero.com.mx/opinion/macario-schettino/2025/11/05/estrada-chavez/,https://www.elfinanciero.com.mx/resizer/v2/ZXUWEAOJWBFLZD5NVN5FCFN53E.jpg?smart=true&auth=caa3e3efb98b05b87fb32ef71b5d2474e8426a43221198e63bae3acbd1fa92f5&width=1200&height=630,2025-11-05T07:00:00Z,"El antiguo Régimen de la Revolución, para evitar ser juzgado por otras naciones, optó por lo que llaman doctrina Estrada: la no intervención en los asuntos internos de otros países y el derecho a la … [+3560 chars]",2025-11-06 18:05:03
"{'id': None, 'name': 'Criptonoticias.com'}",Bárbara Distéfano,Pagar con tarjeta y QR para ganar bitcoin: la iniciativa que crece en Argentina,"Los pagos con tarjeta y QR para obtener cashback en bitcoin se han convertido en una herramienta de la vida diaria de usuarios argentinos de criptomonedas.
Leer más",https://www.criptonoticias.com/comunidad/adopcion/pagar-tarjeta-qr-ganar-bitcoin-argentina-lemon-criptomonedas/,https://www.criptonoticias.com/wp-content/uploads/2025/11/bitcoin-cashback-tarjeta-argentina.jpg,2025-11-05T05:19:00Z,"<ul><li>Ya se han entregado 30 millones de dólares en bitcoin de cashback por la tarjeta de Lemon.
</li><li>Hay 60 transacciones de pagos por minuto con QR y tarjeta de criptomonedas.
</li></ul>
D… [+2436 chars]",2025-11-06 18:05:03
"{'id': None, 'name': 'Aristeguinoticias.com'}",Redacción AN / HG,Rodrigo Sánchez Villa gana el VII Premio Internacional de Divulgación de la Ciencia Ruy Pérez Tamayo,La obra ganadora plantea pros y contras de la tecnología de edición genética conocida como CRISPR.,https://aristeguinoticias.com/051125/cultura/rodrigo-sanchez-villa-gana-el-vii-premio-internacional-de-divulgacion-de-la-ciencia-ruy-perez-tamayo/,https://editorial.aristeguinoticias.com/wp-content/uploads/2025/11/nota-premio-tamayo.jpg,2025-11-05T05:07:29Z,"El Fondo de Cultura Económica dio a conocer que Rodrigo Sánchez Villa es el ganador del VII Premio Internacional de Divulgación de la Ciencia Ruy Pérez Tamayo, con la obra CRISPR: la edición de la vi… [+1282 chars]",2025-11-06 18:05:03
"{'id': 'rt', 'name': 'RT'}","RT en Español
 , RT en Español","""Son millones"": Maduro explica qué pasará en América Latina si Venezuela ""fuera tocada""","""Hoy en el imperialismo no hay mentes sensatas razonables"", sostuvo el mandatario.",https://actualidad.rt.com/actualidad/571782-maduro-america-latina-venezuela-tocada,https://mf.b37mrtl.ru/actualidad/public_images/2025.11/article/690acd3e59bf5b249969b1bc.jpg,2025-11-05T04:56:06Z,"El presidente de Venezuela, Nicolás Maduro, avisó que toda América Latina se unirá para defender a Venezuela si EE.UU. invade el país caribeño.
""Que si Venezuela fuera tocada, ¿qué creen ellos? ¿Que… [+3318 chars]",2025-11-06 18:05:03
"{'id': None, 'name': 'Milenio'}",Redacción,"Canciller de Perú acusa a México de injerencia: ""el asilo político no se puede distorsionar""","Hugo de Zela, ministro de Relaciones Exteriores de Perú respondió a las declaraciones de la presidenta Claudia Sheinbaum y la cancillería mexicana sobre el asilo político a la ex primera ministra Betssy Chávez, acusando que se trata de una injerencia a los as…",https://www.milenio.com/internacional/cancilleria-peru-senala-mexico-apelar-asuntos-internos,https://cdn.milenio.com/uploads/media/2025/11/04/hugo-zela-anuncio-cese-relaciones.jpg,2025-11-05T04:26:02Z,"Hugo de Zela, ministro de Relaciones Exteriores de Perú respondió a las declaraciones de la presidenta Claudia Sheinbaum y la cancillería mexicana sobre el asilo político a la ex primera ministra Bet… [+3621 chars]",2025-11-06 18:05:03
"{'id': None, 'name': 'El Financiero'}",EFE,Corte de Perú ‘salva’ a Betssy Chávez: Niega contumacia y continúa juicio mientras está en embajada mexicana,"La Corte Suprema de Perú negó la solicitud para declarar contumacia de Bettsy Chávez, y aseguró que el juicio en su contra será archivado provisionalmente.",https://www.elfinanciero.com.mx/mundo/2025/11/04/corte-suprema-de-peru-rechaza-contumacia-de-betssy-chavez-permite-juicio-mientras-esta-en-embajada-mexicana/,https://www.elfinanciero.com.mx/resizer/v2/CJL34FTRAFEZ3KGN55TH7TQ35I.jpg?smart=true&auth=23572b79ce007c42a6e2af11e58c84db9f11f621634ba4e5d9b219d98e8cab4c&width=1200&height=630,2025-11-05T04:20:01Z,"La Sala Penal Especial de la Corte Suprema de Perú rechazó un pedido para que se declare la contumacia de la exprimera ministra peruana Betssy Chávez, después de que México otorgara asilo a la políti… [+2838 chars]",2025-11-06 18:05:03
"{'id': None, 'name': 'Peru21.pe'}",Alvaro Treneman,"José Jerí sobre relaciones con México: ""hemos mantenido la cordialidad hasta donde se pudo""","Jerí señaló que Perú mantuvo la cordialidad “hasta donde se pudo” con México, y añadió que la situación obligó a su gobierno a repensar sus vínculos diplomáticos con la nación vecina.",https://peru21.pe/politica/jose-jeri-sobre-relaciones-con-mexico-hemos-mantenido-la-cordialidad-hasta-donde-se-pudo/,http://peru21.pe/sites/default/efsfiles/styles/amp_1200x675_16_9/public/2025-11/jose-jeri-congresista.jpg?itok=naoi9zfI,2025-11-05T02:57:13Z,"El presidente José Jerí reconoció la ruptura diplomática con México tras el reciente otorgamiento de asilo a la exprimera ministra Betssy Chávez, lo que a su juicio representa una intromisión en los … [+2228 chars]",2025-11-06 18:05:03
"{'id': None, 'name': 'Peru21.pe'}",Katherine Llanos Fajardo,Tilsa arremete contra el 'Loco' Vargas y Flor Polo que buscan llegar al Senado: “El país no está para payasadas”,se mostró inTilsa Lozano dignada tras conocerse que diversos personajes de la farándula peruana estarían evaluando postular al Senado en las Elecciones 2026.,https://peru21.pe/espectaculos/tilsa-arremete-contra-el-loco-vargas-y-flor-polo-que-buscan-llegar-al-senado/,http://peru21.pe/sites/default/efsfiles/styles/amp_1200x675_16_9/public/2025-11/tilsa-lozano.png?itok=D70sqjiC,2025-11-05T02:45:59Z,Tilsa Lozano no se guardó nada. La exmodelo y presentadora de televisión se mostró indignada tras conocerse que diversos personajes de la farándula peruana estarían evaluando postular al Senado en la… [+1897 chars],2025-11-06 18:05:03
"{'id': None, 'name': 'Elespanol.com'}","Fernando Pastor, Alfonso Muñoz Fernández",La apuesta de Murtra: sacrificar dividendo para reducir deuda y ganar tamaño en Europa con el respaldo de sus accionistas,"Toda la clave financiera pasa por no perder el grado de inversión que le otorgan las agencias de calificación y esperar a una desregulación en Europa.
Más información: Murtra abre la puerta a ampliar capital en Telefónica para financiar oportunidades ""relevan…",https://www.elespanol.com/invertia/empresas/20251105/apuesta-murtra-sacrificar-dividendo-reducir-deuda-ganar-tamano-europa-respaldo-accionistas/1003743999336_0.html,https://s2.elespanol.com/2025/11/04/actualidad/1003743999349_259747552_1706x960.jpg?fmt=jpeg,2025-11-05T02:39:32Z,Y así ha sido: su apuesta por controlar los 28.233 millones de deuda a costa de reducir el dividendo ha supuesto una caída del 13% en bolsa. Pero no le ha temblado el pulso con un plan de recortes dr… [+5056 chars],2025-11-06 18:05:03
"{'id': 'la-nacion', 'name': 'La Nacion'}",LA NACION,Conmebol sacaría de Sudamérica la final de la Copa Libertadores en pos de una expansión comercial,"Lo dejó entrever en una entrevista su director comercial, más allá de que el organismo minimizó sus declaraciones",https://www.lanacion.com.ar/deportes/futbol/conmebol-sacaria-de-sudamerica-la-final-de-la-copa-libertadores-en-pos-de-una-expansion-comercial-nid04112025/,https://resizer.glanacion.com/resizer/v2/river-y-una-celebracion-extrana-gano-la-copa-LMBQKYJT45DN5M3QOC7ADR6CDY.jpg?auth=b5bb7690f88fabdbd6580f24dee56cf518d95ee4461b6dbc0bb02ebc0c1978be&width=1200&quality=70&smart=false&height=799,2025-11-05T02:36:10Z,"Conmebol evalúa una posibilidad que hace unos años habría sido totalmente impensada: desarrollar la final de la Copa Libertadores de América fuera de la región.
Juan Emilio Roa, director comercial d… [+5223 chars]",2025-11-06 18:05:03
"{'id': None, 'name': 'Peru21.pe'}",Fabiana Sanchez,CADE 2025: resaltan rol empresarial para combatir la inseguridad,En foro aseguraron que empresarios se deben tener más participación en la búsqueda de soluciones | CADE 2025 | Economía | Perú,https://peru21.pe/economia/cade-2025-resaltan-rol-empresarial-para-combatir-la-inseguridad/,http://peru21.pe/sites/default/efsfiles/styles/amp_1200x675_16_9/public/2023-10/CD5JR7VWK5CFJE3H5ZDFFZ2QJA_1.jpg?itok=aYiFXyPX,2025-11-05T02:11:04Z,"En el primer día de CADE 2O25, la presidenta ejecutiva del directorio de Compañía Minera Poderosa, Eva Arias, resaltó el rol empresarial para ayudar a combatir la problemática de la inseguridad y del… [+1777 chars]",2025-11-06 18:05:03
"{'id': None, 'name': 'Milenio'}","Giselle Soriano,Roberto Valadez","Comercio entre México y Perú supera los mil 771 mdd, en riesgo por tensiones diplomáticas","El intercambio comercial total entre Perú y México sumó, de enero a agosto en 2025, más de mil 771 millones 382 mil 974.08 dólares.Sin embargo, la ruptura de relaciones diplomáticas con este país sudamericano puede comprometer está cifra luego de que la ex pr…",https://www.milenio.com/negocios/ruptura-mexico-peru-sectores-encuentran-juego,https://cdn.milenio.com/uploads/media/2025/11/04/aerolineas-nacionales-vuelos-directos-aicm.jpeg,2025-11-05T02:03:00Z,"El intercambio comercial total entre Perú y México sumó, de enero a agosto en 2025, más de mil 771 millones 382 mil 974.08 dólares.
Sin embargo, la ruptura de relaciones diplomáticas con este país s… [+5769 chars]",2025-11-06 18:05:03
"{'id': None, 'name': 'Peru21.pe'}",Alvaro Treneman,Cecilia Valenzuela consideró que magistrados del TC deberían renunciar tras asilo de Betssy Chávez,Cecilia Valenzuela consideró que los magistrados del TC deberían renunciar tras asilo de Bettsy Chávez | Tribunal Constitucional | Golpe de Estado | Pedro Castillo,https://peru21.pe/politica/cecilia-valenzuela-considero-que-magistrados-del-tc-deberian-renunciar-tras-asilo-de-betssy-chavez/,http://peru21.pe/sites/default/efsfiles/styles/amp_1200x675_16_9/public/2023-10/6LELBIOMXFBR3OJP4XCYMBHLZQ_8.jpg?itok=XHMDrhZP,2025-11-05T01:55:15Z,"La directora de Perú21, Cecilia Valenzuela, consideró que la premier del golpista Pedro Castillo, se irá de nuestro país en cuanto consiga el salvoconducto y responsabilizó directamente a los miembro… [+3629 chars]",2025-11-06 18:05:03
"{'id': None, 'name': 'Milenio'}",Roberto Valadez,Tensión entre México y Perú afectará un 10% el flujo de turistas: AMAV,"El rompimiento de las relaciones de Perú con México no solamente causará tensiones diplomáticas entre los países, sino también desencadenará un menor flujo de viajeros.""Esta problemática generará un mayor control migratorio y procesos más rigurosos, situación…",https://www.milenio.com/negocios/tension-mexico-y-peru-afectara-un-10-el-flujo-de-turistas-amav,https://cdn.milenio.com/uploads/media/2025/08/05/duffy-propondria-retiro-inmunidad-antimonopolio.jpg,2025-11-05T01:49:00Z,"El rompimiento de las relaciones de Perú con México no solamente causará tensiones diplomáticas entre los países, sino también desencadenará un menor flujo de viajeros.
""Esta problemática generará u… [+2550 chars]",2025-11-06 18:05:03
"{'id': None, 'name': 'Peru21.pe'}",Carlos Cabanillas,Crimen organizado frena el desarrollo: especialistas llaman a recuperar la autoridad en CADE Ejecutivos 2025,"La sesión “Sin seguridad pública no hay economía ni democracia. ¿Cómo enfrentamos las economías ilegales y la corrupción?” juntó a Francisco Calisto, vicealmirante (r) de la Marina de Guerra del Perú; Juan Villarán, exvicepresidente del Instituto Nacional Pen…",https://peru21.pe/politica/crimen-organizado-frena-el-desarrollo-especialistas-llaman-recuperar-la-autoridad-en-cade-ejecutivos-2025/,http://peru21.pe/sites/default/efsfiles/styles/amp_1200x675_16_9/public/2025-11/imagen-de-whatsapp-2025-11-04-a-las-19.00.36_265f346a.jpg?itok=Qm-0gVhx,2025-11-05T00:45:00Z,"""Hay que tomar soluciones radicales"", dijo Fernando Rospilgiosi al abrir la sesión. ""Este problema no se resolverá con métodos normales"", concluyó. Durante el primer día de la 63 edición de CADE Ejec… [+2352 chars]",2025-11-06 18:05:03
"{'id': None, 'name': 'Peru21.pe'}",Alvaro Treneman,"Papa León XIV sobre despliegue militar estadounidense en el Caribe: ""Aumenta las tensiones""","""Con la violencia no ganamos. Lo que hay que hacer es buscar el diálogo"", añadió el pontífice estadounidense, que también tiene la nacionalidad peruana.",https://peru21.pe/mundo/papa-leon-xiv-sobre-despliegue-militar-estadounidense-en-el-caribe-aumenta-las-tensiones/,http://peru21.pe/sites/default/efsfiles/styles/amp_1200x675_16_9/public/2025-11/afp_20251103_82ud89z_v1_highres_vaticanreligionpopemass.jpg?itok=zcaz_LNP,2025-11-05T00:37:11Z,"El papa León XIV consideró que el despliegue de fuerzas estadounidenses en el Caribe ""aumenta las tensiones"" y que ""lo más importante es buscar el diálogo"", en respuesta a la pregunta de un periodist… [+1744 chars]",2025-11-06 18:05:03
"{'id': None, 'name': 'Nacion.com'}",Milton Montenegro,¿Va a Curazao con escala en Colombia? Descubra si necesita la vacuna contra la fiebre amarilla para ver a la Selección,La Selección de Costa Rica juega el 13 de noviembre en Curazao contra Haití y la fiebre amarilla causa algunas dudas entre los aficionados.,https://www.nacion.com/puro-deporte/va-a-curazao-con-escala-en-colombia-descubra-si/2WOJGZYNFRAAHGJLCF7DYIVTJE/story/,https://www.nacion.com/resizer/v2/VKEGYPNSYJG3HN3LHZHRFEUWXE.JPG?smart=true&auth=a24e55a6fc1e7acceb81caa8c4c51388c5ff5565e76467fa744fdce27a4f3228&width=1440,2025-11-05T00:32:44Z,"Si usted quiere viajar a Curazao para ir a ver el juego de la Selección de Costa Rica contra Haití, pero tiene dudas porque no posee la vacuna contra la fiebre amarilla, entonces no debe perderse est… [+2771 chars]",2025-11-06 18:05:03
"{'id': None, 'name': 'Peru21.pe'}",Katherine Llanos Fajardo,¿Volverá al Perú? Korina Rivadeneira regresa a Venezuela después de diez años,"La modelo, Korina Rivadeneira volvió a Venezuela después de diez años fuera de su país natal. La esposa de Mario Hart viajó sola con el fin de reencontrarse con su familia y amigos.",https://peru21.pe/espectaculos/volvera-al-peru-korina-rivadeneira-regresa-venezuela-despues-de-diez-anos/,http://peru21.pe/sites/default/efsfiles/styles/amp_1200x675_16_9/public/2025-11/abridoras-peru21-2025-11-04t192640.387.png?itok=1pe2aFf1,2025-11-05T00:30:52Z,"La modelo, Korina Rivadeneira volvió a Venezuela después de diez años fuera de su país natal. La esposa de Mario Hart viajó sola con el fin de reencontrarse con su familia y amigos.
Su llegada quedó… [+2398 chars]",2025-11-06 18:05:03
"{'id': None, 'name': 'Peru21.pe'}",Katherine Llanos Fajardo,Cade Ejecutivo 2025: Así se vive el evento,"Este martes se dio inicio al Cade Ejecutivos 2025, uno de los eventos empresariales más importantes del país, que este año reúne a figuras del sector privado,",https://peru21.pe/economia/cade-ejecutivo-2025-asi-se-vive-el-evento/,http://peru21.pe/sites/default/efsfiles/styles/amp_1200x675_16_9/public/2025-11/abridoras-peru21-99.png?itok=Cz755tC4,2025-11-04T23:32:14Z,"Este martes se dio inicio al Cade Ejecutivos 2025, uno de los eventos empresariales más importantes del país, que este año reúne a figuras del sector privado, autoridades del Ejecutivo, especialistas… [+2557 chars]",2025-11-06 18:05:03
"{'id': None, 'name': 'Forbes.com.mx'}",Forbes Staff,Rechazan declarar contumacia de exprimera ministra de Perú asilada en Embajada de México,"Forbes México.
 Rechazan declarar contumacia de exprimera ministra de Perú asilada en Embajada de México

Al no ser necesaria su presencia para practicar algún acto procesal en particular, no corresponde la declaratoria, indica la Sala Penal de la Corte.
Rech…",https://forbes.com.mx/rechazan-declarar-contumacia-de-exprimera-ministra-de-peru-asilada-en-embajada-de-mexico/,https://cdn.forbes.com.mx/2025/11/b805ab462accdaa29e4f8d11313906667c39cfec.webp,2025-11-04T23:28:13Z,"La Sala Penal Especial de la Corte Suprema de Perú rechazó este martes un pedido para que se declare la contumacia de la exprimera ministra peruana Betssy Chávez, después de que México otorgara asilo… [+3061 chars]",2025-11-06 18:05:03
"{'id': None, 'name': 'El Financiero'}",Redacción,"Movistar confirma salida de México, mercado donde tiene 23 millones de clientes",La salida de Movistar de México forma parte de una estrategia que incluye concentrarse en mercados vistos como clave para la telefónica española.,https://www.elfinanciero.com.mx/empresas/2025/11/04/movistar-confirma-salida-de-mexico-mercado-donde-tiene-23-millones-de-clientes/,https://www.elfinanciero.com.mx/resizer/v2/AOF2LVKQJREDRGGX4HWKRQ6CQ4.jpg?smart=true&auth=8f3b782de16731f67dd2122070b6d8738c0294bb899f305106289db1202afd44&width=1200&height=630,2025-11-04T22:49:09Z,"Movistar (Telefónica), empresa española, saldrá de los mercados de México, Venezuela y Chile como parte de su estrategia de reducir su exposición regional, confirmó el presidente de la compañía, Marc… [+2617 chars]",2025-11-06 18:05:03
"{'id': None, 'name': 'Peru21.pe'}",Natalia Lizama,Mario Vizcarra no asistirá al CADE 2025,"Con un anuncio oficial de último minuto, el hermano de Martín Vizcarra oficializó su inasistencia. Mario Vizcarra no asistirá al CADE 2025",https://peru21.pe/politica/mario-vizcarra-no-asistira-al-cade-2025/,http://peru21.pe/sites/default/efsfiles/styles/amp_1200x675_16_9/public/2025-11/mario-vizcarra.jpg?itok=0pJiqDXB,2025-11-04T22:46:16Z,"Al último minuto. El candidato principal a la presidencia del partido Perú Primero,Mario Vizcarra Cornejo (hermano del expresidente de Martín Vizcarra) ha cancelado su asistencia al bloque electoral … [+943 chars]",2025-11-06 18:05:03
"{'id': 'la-nacion', 'name': 'La Nacion'}",Mauro Apicella,"Tan Biónica presentó El regreso, un álbum con todas las señas particulares de Chano Moreno Charpentier","A diez años de su última grabación, la banda estrenó su quinta producción discográfica",https://www.lanacion.com.ar/espectaculos/musica/tan-bionica-presento-el-regreso-un-album-con-todas-las-senas-particulares-de-chano-moreno-nid04112025/,https://resizer.glanacion.com/resizer/v2/tan-bionica-un-regreso-con-nuevo-XTEL2GGDSJER7H7L32JDUNX6LU.JPG?auth=1079407b1f4366ad0e0ea4bbfe7a109e0d87bb88b56f7c187b172616d4bf6a49&width=1200&quality=70&smart=false&height=799,2025-11-04T22:38:53Z,"Álbum: El regreso. Artista: Tan Biónica. Temas: El alma en el camino, Tus cosas (ft. Patricio Sardelli), El problema del amor, Mi vida (ft. Andrés Calamaro), En mi mundo, Mil días, X=4, Santa María, … [+4707 chars]",2025-11-06 18:05:03
"{'id': None, 'name': 'Peru21.pe'}",Alvaro Reyes Quinteros,Fiscal Elizabeth Peralta se entrega a la justicia y se somete a control de identidad,Magistrada sindicada de recibir coimas cumplía prisión preventiva en el penal Anexo de Mujeres de Chorrillos.,https://peru21.pe/politica/caso-chibolin-juez-ordena-captura-de-fiscal-elizabeth-peralta-dias-despues-de-liberarla/,http://peru21.pe/sites/default/efsfiles/styles/amp_1200x675_16_9/public/2025-11/whatsapp-image-2025-11-04-at-5.31.27-pm.jpeg?itok=LQqe_PEL,2025-11-04T22:34:00Z,"[Actualización]
La suspendida fiscal Elizabeth Peralta se entregó a la justicia horas después de conocerse la orden de captura en su contra emitida por el juez supremo Juan Carlos Checkley.
#LoÚlti… [+3353 chars]",2025-11-06 18:05:03
"{'id': 'la-nacion', 'name': 'La Nacion'}",Gabriel Di Nicola,"Comenzaron a juzgar a Piti, el capo narco que, junto con su hermano Marcos, dominó a sangre y fuego la villa 1-11-14","Se trata de Fernando Estrada Gonzales, un ciudadano peruano que, en su momento, fue condenado por un homicidio y después estuvo 12 años prófugo",https://www.lanacion.com.ar/seguridad/comenzaron-a-juzgar-a-piti-el-capo-narco-que-junto-con-su-hermano-marcos-domino-a-sangre-y-fuego-la-nid04112025/,https://resizer.glanacion.com/resizer/v2/fernando-estrada-gonzales-uno-de-los-capos-narcos-LFRQWGVDRJAU7JNQCXV36TLBFQ.JPG?auth=6b807b0e77fe16369346cf781bb41fcee71884b7a7fa66c311623659841a15b9&width=1200&quality=70&smart=false&height=794,2025-11-04T22:24:39Z,"Estuvo 12 años prófugo. Fue, junto con su hermano Marco Estadas Gonzalez, capo narco de la villa 1-11-14, en el Bajo Flores, una zona caliente del narcomenudeo. La organización criminal dominó el ter… [+4641 chars]",2025-11-06 18:05:03
"{'id': None, 'name': 'Excelsior.com.mx'}",pedro.diaz,Identifican nuevas ranas con tubérculos y colores únicos en la Amazonía peruana,"Porfirio Escandón
Un equipo de científicos descubrió dos nuevas especies de rana en la Amazonía de Perú, informó este martes el Servicio Nacional de Áreas Naturales Protegidas por el Estado (Sernanp).

Las ranas, de colores rojizos, fueron encontradas hace …",https://www.excelsior.com.mx/global/nuevas-especies-amazonia-peru/1749651,https://www.excelsior.com.mx/media/pictures/2025/11/04/3411337.jpg,2025-11-04T22:21:57Z,"Un equipo de científicos descubrió dos nuevas especies de rana en la Amazonía de Perú, informó este martes el Servicio Nacional de Áreas Naturales Protegidas por el Estado (Sernanp).
Las ranas, de c… [+3374 chars]",2025-11-06 18:05:03
"{'id': None, 'name': 'Milenio'}",Agencia EFE,Claves en la tensión diplomática entre México y Perú desde 2022,"El gobierno de México rechazó la decisión de Perú de romper relaciones diplomáticas, luego de que la embajada mexicana en aquel país concediera asilo político a la ex primera ministra peruana Betssy Chávez, aliada del ex presidente Pedro Castillo (2021-2022),…",https://www.milenio.com/internacional/relacion-diplomatica-mexico-peru-claves-comprender-ruptura,https://cdn.milenio.com/uploads/media/2025/11/04/la-presidenta-mexicana-califico-la.jpg,2025-11-04T21:53:00Z,"El gobierno de México rechazó la decisión de Perú de romper relaciones diplomáticas, luego de que la embajada mexicana en aquel país concediera asilo político a la ex primera ministra peruana Betssy … [+3052 chars]",2025-11-06 18:05:03
"{'id': None, 'name': 'El Financiero'}",EFE,Del asalto a la Embajada en Quito a Pedro Castillo: ¿Por qué México ‘está peleado’ con Ecuador y Perú?,México mantiene relaciones suspendidas con Perú desde hace casi tres años y enfrenta otra tensión diplomática con Ecuador tras el asalto a su embajada en Quito.,https://www.elfinanciero.com.mx/mundo/2025/11/04/del-asalto-a-la-embajada-en-quito-a-pedro-castillo-por-que-mexico-esta-peleado-con-ecuador-y-peru/,https://www.elfinanciero.com.mx/resizer/v2/M5HXOS74NJGVHC3RHOP2EHDHEE.png?smart=true&auth=86123134a4732c7afad253877db4010819e13d133133140905d097717ffd8a57&width=1200&height=630,2025-11-04T21:46:05Z,"El Gobierno de México rechazó este martes la decisión de Perú de romper relaciones diplomáticas, luego de que la embajada mexicana en aquel país concediera asilo político a la exprimera ministra peru… [+3161 chars]",2025-11-06 18:05:03
"{'id': None, 'name': 'Peru21.pe'}",Katherine Llanos Fajardo,"José Jerí en CADE 2025: “Este gobierno no va a hipotecar el futuro""","El presidente de la República, José Jerí, encabezó este martes la inauguración del Cade Ejecutivos 2025, encuentro que reúne a líderes empresariales",https://peru21.pe/economia/jose-jeri-en-cade-2025-este-gobierno-no-va-hipotecar-el-futuro/,http://peru21.pe/sites/default/efsfiles/styles/amp_1200x675_16_9/public/2025-11/jose-jeri-4.png?itok=iLBV9Eek,2025-11-04T21:40:12Z,"El presidente de la República, José Jerí, encabezó este martes la inauguración del Cade Ejecutivos 2025, encuentro que reúne a líderes empresariales, autoridades y especialistas para analizar los des… [+2924 chars]",2025-11-06 18:05:03
"{'id': None, 'name': 'Peru21.pe'}",Nicolás Castillo Arévalo,José Jerí: “Estamos dejando las bases para un Perú competitivo y sostenible”,"El presidente José Jerí destacó en CADE Ejecutivos 2025 los avances de su gestión en inversión, desregulación y competitividad, con el objetivo de fortalecer al próximo gobierno.",https://peru21.pe/economia/jose-jeri-bases-solidas-para-un-peru-competitivo/,http://peru21.pe/sites/default/efsfiles/styles/amp_1200x675_16_9/public/2025-11/jose-jeri_3.jpg?itok=RF0daNeE,2025-11-04T21:33:02Z,"El presidente de la República, José Jerí, afirmó que su gestión viene sentando las bases de una economía más sólida, abierta y eficiente, con el propósito de garantizar estabilidad para el próximo go… [+2522 chars]",2025-11-06 18:05:03
